count,467.0
mean,2.2312237687366165
std,2.286751229542034
min,0.009000000000000001
25%,0.695
50%,1.435
75%,3.0
max,13.105
